Condition,Mu,Kappa,p_value_Watson_U2,p_value_Rayleigh,p_value_V_test,p_value_Watson_U2_NS_vs_BOSS,OVC_with_theor,KDE_corr_theor_r,KDE_corr_theor_p,KDE_corr_NS_BOSS_r,KDE_corr_NS_BOSS_p
NS Target π,3.02417287943079,1.01823389979074,0.602,1.25771009694558e-19,0,0,0.964492546174407,0,0.908324889153536,0.0203818620663075,0.770335400943732
NS Target 0,-0.811786256437681,1.10721943774267,0.134333333333333,1.72876672141135e-22,1.20129461933516e-11,0,0.593470804874722,0,0.750165077963984,0.167085044529976,0.0187719456111473
NS Target Random,1.29117754546964,0.675944777246372,0.625666666666667,7.58675357473099e-10,NaN,0.00633333333333333,-0.706644496831049,0,0.781700514787855,0.195748970493955,0.0048404719216506
BOSS Target π,-2.64288916132634,1.39804393159112,0.688333333333333,8.41195626445233e-32,0,NaN,0.838601138899108,0,0.82358176062216,NaN,NaN
BOSS Target 0,-0.240314445808326,1.03340379864502,0.381333333333333,4.15923587917939e-20,0,NaN,0.968547119556453,0,0.921855609362901,NaN,NaN
BOSS Target Random,2.1040779284185,0.548659052235718,0.427,6.72267185619685e-07,NaN,NaN,-0.22865693143301,1.70790914744146e-09,0.833565994039481,NaN,NaN
