Condition,Mu,Kappa,p_value_Watson_U2,p_value_Rayleigh,p_value_V_test,p_value_Watson_U2_NS_vs_BOSS,OVC_with_theor,KDE_corr_theor_r,KDE_corr_theor_p,KDE_corr_NS_BOSS_r,KDE_corr_NS_BOSS_p
NS Target π,-0.844973519223421,0.188315529755289,0.412333333333333,0.919559948626059,0.609595489474171,0.563,-0.196944476836111,8.89480866739234e-09,0.688277602849325,-0.171145843372267,0.587480545902701
NS Target 0,2.81707306927841,0.361626733173127,0.993666666666667,0.738092036015609,0.774624364631469,0.617666666666667,-0.914174149216946,0,0.63893963098544,0.203323757038138,0.501843235345729
NS Target Random,2.92398811278515,0.590837826499293,0.864,0.458973882670269,NaN,0.998666666666667,-3.43878917770138e-16,0.999999999999993,0.865368173598268,-0.327682786133506,0.315101104962019
BOSS Target π,0.997691643096134,0.434047192020945,0.714666666666667,0.648687798424838,0.696472047594219,NaN,-0.567548558041774,0,0.638570879258217,NaN,NaN
BOSS Target 0,-0.0379285730286322,0.286248533378663,0.932,0.825267458565846,0.263317848494874,NaN,0.923462738329698,0,0.766692522290663,NaN,NaN
BOSS Target Random,2.40127551761291,0.463878105673662,0.898666666666667,0.611470932844012,NaN,NaN,1.33840066812215e-15,0.999999999999971,0.895000415911247,NaN,NaN
